Date,SPY,QQQ,IWM,EFA,EEM,GLD,TLT,VNQ,XLE,XLF
2022-01-03,478.85,402.42,224.07,80.73,49.58,173.07,146.35,115.01,62.03,40.03
2022-01-04,483.85,409.45,226.6,81.85,50.36,171.99,146.37,114.81,63.25,40.43
2022-01-05,483.03,406.95,228.03,81.73,50.13,171.46,146.83,115.11,63.53,40.61
2022-01-06,495.11,418.45,233.38,82.77,51.21,173.59,146.65,116.67,64.54,41.7
2022-01-07,499.51,424.36,234.51,83.37,51.63,174.03,147.68,117.54,65.5,42.02
2022-01-10,501.35,427.88,233.11,83.37,51.48,173.0,147.04,119.02,64.76,42.41
2022-01-11,492.08,417.35,228.72,82.57,51.12,174.16,147.37,117.15,64.55,41.6
2022-01-12,485.21,407.46,223.98,82.01,50.69,175.33,147.35,116.32,64.38,40.95
2022-01-13,487.93,408.65,224.81,82.16,50.36,176.08,146.72,116.92,65.02,41.32
2022-01-14,491.83,412.41,226.09,82.57,49.98,173.8,144.29,116.36,65.44,41.38
2022-01-17,489.93,413.61,224.49,82.66,49.55,173.2,143.22,115.45,65.59,40.66
2022-01-18,492.55,416.91,224.86,82.23,49.5,172.36,143.21,115.64,66.95,40.75
2022-01-19,487.07,411.65,222.44,82.24,49.62,172.97,145.42,113.56,65.72,39.95
2022-01-20,485.12,406.29,222.48,81.96,48.88,171.4,145.26,114.02,66.99,40.85
2022-01-21,487.6,406.45,220.64,82.37,48.78,171.02,144.14,114.24,68.02,41.07
2022-01-24,486.93,403.26,217.94,82.03,48.6,173.84,144.92,115.34,67.64,40.56
2022-01-25,481.83,396.37,218.55,81.1,48.42,172.45,145.91,114.86,67.03,40.27
2022-01-26,478.46,394.01,216.19,80.07,47.42,172.29,147.96,114.03,65.83,39.92
2022-01-27,485.8,401.94,219.12,81.46,48.34,174.97,148.56,114.44,65.85,40.9
2022-01-28,495.59,411.46,223.3,83.35,48.93,173.93,148.5,115.68,66.9,41.69
2022-01-31,497.7,417.06,224.31,83.88,48.39,173.47,147.35,114.61,65.93,41.65
2022-02-01,503.1,419.3,227.05,84.33,48.61,175.28,148.05,117.21,66.75,41.95
2022-02-02,502.03,418.8,226.74,83.64,48.37,175.49,151.31,118.68,65.68,41.71
2022-02-03,493.97,409.12,223.3,83.32,47.69,174.39,148.66,117.26,64.01,41.02
2022-02-04,489.29,404.13,218.46,81.98,47.83,172.59,147.17,117.96,65.94,40.35
2022-02-07,487.45,403.07,220.01,81.31,47.45,173.49,148.09,117.34,65.56,39.79
2022-02-08,486.33,401.3,219.79,80.92,47.44,175.06,148.75,117.69,65.65,39.7
2022-02-09,482.57,398.23,217.77,81.48,48.09,175.93,148.34,116.17,66.58,39.51
2022-02-10,485.4,396.97,220.59,82.12,48.01,175.46,148.13,117.01,66.84,39.86
2022-02-11,484.22,396.13,222.1,80.75,47.41,175.37,148.58,116.3,65.01,39.79
2022-02-14,494.0,402.28,228.31,81.82,48.13,174.25,147.22,119.62,67.13,41.35
2022-02-15,500.85,410.18,234.32,82.87,49.08,174.04,147.02,120.3,69.14,41.67
2022-02-16,505.52,414.4,238.48,83.83,50.32,175.61,145.39,121.66,69.63,42.03
2022-02-17,514.47,425.01,241.82,84.33,50.82,173.86,143.82,123.23,71.58,42.94
2022-02-18,501.48,412.62,235.32,83.0,50.5,170.67,143.01,121.18,68.61,42.39
2022-02-21,503.78,417.03,235.49,83.64,51.23,171.2,143.46,121.85,68.29,42.46
2022-02-22,503.12,417.29,236.65,83.04,50.93,173.21,143.2,121.1,68.46,42.64
2022-02-23,503.39,420.86,237.98,83.47,51.32,176.67,144.03,119.44,70.06,42.42
2022-02-24,504.22,424.98,235.76,82.85,50.44,175.0,144.19,119.39,69.48,41.86
2022-02-25,491.38,411.87,228.57,81.55,49.75,175.03,145.75,117.24,68.19,40.55
2022-02-28,490.59,411.52,229.35,81.28,49.82,174.6,145.6,117.94,66.57,40.13
2022-03-01,482.61,397.78,224.49,80.76,49.22,175.14,147.13,118.11,65.7,39.98
2022-03-02,483.31,396.51,224.0,80.13,48.66,174.54,147.79,119.8,64.42,40.13
2022-03-03,477.84,392.1,221.01,78.59,48.24,173.38,147.24,117.39,62.98,39.68
2022-03-04,477.01,392.02,221.07,79.12,48.26,171.18,148.02,116.64,63.51,39.78
2022-03-07,476.5,392.31,223.61,80.09,48.64,171.5,149.5,115.94,63.9,39.84
2022-03-08,478.4,392.27,222.26,79.31,47.98,170.74,148.7,117.95,64.72,39.71
2022-03-09,480.48,393.41,222.89,79.65,48.41,170.5,149.8,117.14,64.91,40.59
2022-03-10,481.9,398.19,223.59,80.05,48.57,170.12,148.86,117.68,64.36,40.89
2022-03-11,488.07,405.32,226.18,80.97,49.0,171.64,146.77,118.72,63.76,40.9
2022-03-14,495.88,415.48,228.89,81.1,48.17,170.4,149.0,119.85,63.17,41.48
2022-03-15,487.38,406.04,224.81,80.08,47.79,170.85,150.37,117.65,62.85,41.24
2022-03-16,482.24,398.68,224.26,79.45,47.92,170.35,152.28,116.98,62.67,41.39
2022-03-17,480.47,394.67,222.75,79.47,47.27,171.26,151.75,118.01,60.65,41.02
2022-03-18,471.56,383.82,218.7,78.37,46.46,170.87,152.26,115.38,59.99,40.47
2022-03-21,473.82,387.34,220.18,79.59,46.93,170.57,151.18,114.87,59.44,40.41
2022-03-22,473.64,387.91,220.11,79.19,47.11,171.69,151.4,114.25,59.89,40.38
2022-03-23,466.11,380.21,216.7,77.88,46.43,169.29,152.83,113.71,58.55,39.88
2022-03-24,453.74,365.34,210.16,75.94,45.53,172.11,152.7,111.05,57.5,39.24
2022-03-25,447.68,359.88,209.59,74.51,44.34,170.89,152.07,110.56,56.75,38.32
2022-03-28,450.48,361.41,212.79,74.6,44.27,171.7,153.01,111.69,55.95,38.74
2022-03-29,445.42,356.92,208.21,74.16,43.62,169.62,153.6,110.51,54.48,38.63
2022-03-30,443.38,354.97,207.52,73.65,43.52,168.79,153.01,111.36,53.65,37.82
2022-03-31,451.74,368.72,210.96,73.68,43.7,168.03,152.44,111.26,54.43,38.45
2022-04-01,444.33,362.81,209.98,72.92,43.06,167.42,153.56,108.21,53.51,37.72
2022-04-04,453.93,372.05,217.21,73.58,43.85,168.14,152.18,110.42,55.8,38.58
2022-04-05,445.48,363.53,211.58,72.44,43.1,165.44,149.88,109.0,54.31,37.17
2022-04-06,449.65,368.29,212.66,72.32,43.47,166.06,152.87,109.92,54.83,37.32
2022-04-07,454.02,374.06,216.58,72.59,43.58,165.27,153.49,112.01,54.96,37.63
2022-04-08,455.83,375.33,218.86,71.85,43.1,163.93,150.09,111.36,54.44,37.75
2022-04-11,461.81,380.82,220.44,72.47,43.88,162.94,148.39,112.93,55.13,38.44
2022-04-12,461.93,382.52,218.92,72.43,43.78,161.15,146.07,113.3,54.78,38.16
2022-04-13,461.61,384.75,215.39,71.66,43.13,162.86,147.01,113.65,53.51,37.54
2022-04-14,464.15,387.48,217.41,71.87,43.39,163.17,147.94,114.95,52.79,37.11
2022-04-15,469.65,395.88,218.59,71.6,43.49,164.36,150.37,116.11,52.74,37.07
2022-04-18,469.9,395.43,217.26,72.51,44.44,166.52,149.84,117.5,53.8,37.28
2022-04-19,476.81,404.08,221.69,73.54,45.18,164.15,149.03,117.99,53.63,38.33
2022-04-20,486.45,417.46,226.76,75.17,46.11,164.62,147.52,120.27,54.89,38.77
2022-04-21,486.37,417.16,229.38,75.61,46.29,165.03,147.69,120.35,54.38,38.82
2022-04-22,482.47,410.01,228.24,75.4,45.43,164.74,148.79,120.79,54.55,38.66
2022-04-25,478.06,402.82,226.56,75.12,45.65,166.59,149.29,119.16,54.22,38.37
2022-04-26,477.17,400.51,226.49,74.82,45.27,166.99,148.87,119.36,54.33,38.02
2022-04-27,474.76,401.43,223.41,73.53,44.04,166.36,148.98,118.13,54.12,36.89
2022-04-28,477.1,407.6,222.78,73.54,43.83,164.82,148.21,119.47,55.26,36.95
2022-04-29,487.72,418.83,230.73,74.7,44.67,165.59,151.84,122.43,55.95,38.07
2022-05-02,485.92,415.72,231.2,74.55,44.66,165.67,152.34,122.7,54.59,38.16
2022-05-03,480.74,406.79,228.54,74.06,44.06,166.89,151.07,121.7,53.83,37.79
2022-05-04,482.46,406.13,230.56,74.33,43.56,164.04,149.96,121.6,53.67,38.03
2022-05-05,483.89,409.9,229.51,73.9,43.06,164.15,151.55,120.94,51.6,37.39
2022-05-06,479.54,404.03,226.69,73.45,42.65,165.62,151.26,119.46,51.5,36.6
2022-05-09,481.86,406.67,227.61,74.41,42.83,168.73,151.71,119.02,51.9,36.43
2022-05-10,477.97,403.58,226.39,73.7,42.79,170.34,154.29,118.9,52.44,35.61
2022-05-11,476.45,399.94,225.83,73.31,42.55,173.19,154.84,119.46,52.34,35.52
2022-05-12,476.67,401.23,227.62,74.08,42.93,174.19,153.72,119.79,53.35,35.9
2022-05-13,478.02,404.72,228.94,74.74,43.3,173.7,154.07,116.97,53.57,34.95
2022-05-16,468.96,396.39,224.92,73.22,42.22,175.23,154.42,117.6,52.63,34.43
2022-05-17,477.83,405.91,227.95,74.12,42.8,173.45,153.15,118.21,53.99,35.05
2022-05-18,476.5,404.26,227.57,74.25,42.46,171.8,154.11,117.31,52.61,35.04
2022-05-19,479.21,403.39,229.4,74.94,42.92,173.2,152.4,118.73,53.22,35.25
2022-05-20,484.16,412.1,234.55,76.08,43.44,173.7,153.44,119.84,53.9,35.89
2022-05-23,484.03,410.18,233.87,76.37,43.53,174.42,154.4,119.57,54.42,35.98
2022-05-24,477.5,406.85,229.58,74.83,42.41,172.21,154.37,117.37,52.84,35.51
2022-05-25,479.54,409.74,231.2,75.33,41.93,171.44,151.27,117.8,52.97,36.03
2022-05-26,486.24,417.27,233.85,76.28,42.28,171.6,152.2,118.35,54.01,36.66
2022-05-27,481.21,414.35,232.2,75.75,41.68,169.94,151.44,117.71,52.67,36.43
2022-05-30,474.67,406.96,228.96,76.14,41.14,172.02,152.44,117.28,52.17,36.11
2022-05-31,474.04,409.8,227.8,76.53,41.01,171.73,151.21,117.45,52.95,36.07
2022-06-01,473.18,406.18,227.07,75.72,40.43,171.98,152.81,120.1,52.39,36.43
2022-06-02,474.68,407.39,228.47,75.94,40.58,171.47,150.84,118.9,53.04,36.5
2022-06-03,471.68,404.24,228.08,75.69,40.2,173.13,153.41,118.97,53.31,36.62
2022-06-06,477.96,412.34,232.17,76.64,40.34,174.16,151.71,119.52,54.89,37.38
2022-06-07,486.29,420.49,234.73,77.46,40.88,174.61,152.78,120.6,55.89,37.64
2022-06-08,488.98,423.34,234.94,77.63,40.95,174.28,154.79,120.73,55.7,37.15
2022-06-09,484.25,417.66,231.43,77.73,40.76,176.3,155.61,120.16,55.25,36.77
2022-06-10,493.98,422.13,233.5,78.6,41.34,178.07,155.87,121.86,57.11,37.74
2022-06-13,495.22,425.83,234.44,78.45,41.55,178.17,156.02,123.53,55.61,37.4
2022-06-14,488.8,418.16,230.78,77.02,40.57,176.47,159.0,123.71,54.16,36.77
2022-06-15,482.67,407.1,227.61,75.93,40.01,174.11,157.43,122.66,53.77,36.54
2022-06-16,475.69,401.91,222.8,75.39,39.6,171.82,156.86,121.26,53.21,35.97
2022-06-17,484.23,413.23,226.61,76.66,40.87,175.21,155.99,122.38,55.61,36.29
2022-06-20,477.21,404.72,223.7,75.84,40.19,173.98,155.04,120.09,56.3,35.92
2022-06-21,482.24,408.75,225.97,76.09,39.57,171.73,151.71,118.47,55.52,36.6
2022-06-22,482.19,411.84,226.42,76.41,39.38,172.25,152.9,117.74,55.63,36.69
2022-06-23,479.39,406.19,223.32,76.14,39.3,171.29,152.68,117.75,55.78,36.94
2022-06-24,486.59,411.22,229.5,76.77,40.07,171.81,151.88,117.65,56.81,37.12
2022-06-27,492.15,420.75,230.96,77.47,40.2,170.76,152.44,118.14,58.22,37.33
2022-06-28,497.97,427.09,235.08,77.92,40.5,170.68,151.11,119.97,59.53,38.04
2022-06-29,506.93,440.3,238.89,79.04,40.9,170.7,150.1,123.11,60.76,38.67
2022-06-30,514.05,442.16,239.45,80.23,41.49,171.78,148.13,124.81,63.51,39.54
2022-07-01,515.25,442.26,239.44,79.34,41.33,173.02,146.48,124.46,62.8,39.24
2022-07-04,515.78,437.37,240.8,79.84,41.43,169.72,144.13,126.0,61.05,39.42
2022-07-05,509.13,432.52,236.32,79.25,41.22,172.3,145.0,125.34,59.32,39.14
2022-07-06,504.97,426.75,234.22,78.07,40.79,173.64,145.85,122.96,58.63,38.9
2022-07-07,494.53,413.31,230.39,77.1,40.31,176.43,147.54,122.28,59.85,38.18
2022-07-08,490.28,409.98,228.85,76.38,39.63,179.61,148.99,120.93,59.89,37.73
2022-07-11,489.08,410.1,226.24,76.36,40.17,180.59,148.99,120.19,59.62,37.44
2022-07-12,487.19,410.37,222.65,76.47,40.0,181.09,147.92,121.08,60.28,37.55
2022-07-13,479.09,403.99,219.16,74.82,39.21,181.13,149.16,119.48,59.24,37.25
2022-07-14,486.0,404.21,222.28,75.59,39.13,181.73,150.05,119.94,60.17,37.55
2022-07-15,482.51,404.16,219.64,75.35,38.36,184.14,151.7,118.98,59.73,36.74
2022-07-18,489.22,410.27,222.62,75.87,38.53,185.4,151.94,121.01,60.52,37.38
2022-07-19,487.1,413.52,219.12,76.11,38.93,184.0,154.84,120.97,60.64,37.09
2022-07-20,486.11,411.95,219.18,76.65,39.12,182.73,155.59,121.73,61.12,37.35
2022-07-21,484.81,408.35,217.35,75.76,38.87,182.65,154.98,118.37,59.75,37.35
2022-07-22,481.37,405.65,213.67,75.99,38.77,183.14,158.3,119.06,58.9,36.85
2022-07-25,479.8,405.24,212.7,75.61,39.05,183.03,161.53,118.62,59.91,36.76
2022-07-26,485.26,409.14,214.13,76.44,39.78,183.63,159.64,118.49,59.77,36.64
2022-07-27,486.07,412.7,214.38,75.45,39.42,182.97,162.37,116.59,58.85,36.92
2022-07-28,488.75,416.88,215.75,75.88,39.87,181.84,163.21,115.5,59.24,37.11
2022-07-29,485.55,413.46,213.32,75.03,39.38,179.91,163.27,113.4,58.93,36.45
2022-08-01,482.64,408.9,213.82,74.91,39.2,180.68,160.77,113.29,60.51,36.47
2022-08-02,483.21,410.82,215.28,74.07,38.44,180.49,159.78,114.51,60.08,36.01
2022-08-03,476.51,397.3,211.91,73.33,37.89,182.41,161.86,113.58,57.87,35.66
2022-08-04,479.72,401.31,214.78,73.18,38.55,181.11,162.49,112.36,57.58,36.23
2022-08-05,478.5,402.05,214.43,72.98,38.86,180.76,160.3,111.39,58.04,36.26
2022-08-08,470.27,391.88,209.68,71.93,37.85,179.47,159.29,110.54,57.46,35.66
2022-08-09,468.37,390.26,207.62,71.21,37.27,178.21,157.52,110.08,57.46,35.07
2022-08-10,468.7,390.08,208.23,71.25,36.86,176.12,156.89,110.91,55.72,35.23
2022-08-11,475.26,396.42,212.11,71.67,37.15,173.8,152.91,112.94,55.96,35.74
2022-08-12,468.04,385.8,208.48,70.62,36.72,174.52,153.74,112.05,56.36,34.97
2022-08-15,467.94,388.28,210.06,70.0,36.43,176.19,155.02,112.21,56.07,34.8
2022-08-16,469.67,389.45,210.82,70.22,36.35,177.04,158.85,110.7,56.06,34.58
2022-08-17,472.95,392.89,213.44,71.08,36.77,179.01,156.2,113.35,57.36,35.29
2022-08-18,466.64,384.56,210.61,70.43,36.47,180.71,154.66,113.58,57.07,34.87
2022-08-19,459.11,378.08,203.64,69.82,35.61,180.43,154.82,112.97,55.64,34.03
2022-08-22,456.67,378.45,203.07,69.37,35.32,177.64,154.89,110.33,55.39,33.81
2022-08-23,469.39,388.87,209.07,71.54,36.7,177.5,154.33,112.95,57.53,34.69
2022-08-24,469.11,384.91,209.2,71.75,36.69,175.32,154.79,113.21,56.97,34.68
2022-08-25,461.38,374.86,204.82,71.45,36.19,176.3,154.62,112.31,56.12,34.39
2022-08-26,458.78,368.81,201.81,70.95,35.59,176.96,154.09,114.25,54.66,34.27
2022-08-29,453.14,362.18,199.33,69.36,35.02,179.64,154.52,113.67,54.8,33.77
2022-08-30,450.35,354.62,198.98,69.09,34.59,179.98,153.7,113.02,55.05,33.35
2022-08-31,455.92,357.03,200.81,70.53,35.49,180.94,152.3,114.04,56.29,33.86
2022-09-01,455.64,356.69,200.37,69.88,35.14,182.19,150.93,113.87,55.65,33.8
2022-09-02,453.82,358.06,200.05,69.1,35.03,180.64,150.17,113.48,54.96,33.86
2022-09-05,450.04,353.09,197.42,68.46,35.02,181.77,152.77,115.02,53.97,33.57
2022-09-06,444.26,345.93,193.91,67.41,34.23,181.28,151.31,114.68,52.6,33.85
2022-09-07,442.17,344.08,191.26,67.85,34.6,182.07,150.0,114.67,51.95,34.05
2022-09-08,446.43,348.34,190.14,67.85,34.89,184.23,151.73,113.78,52.33,34.36
2022-09-09,438.3,340.54,186.73,66.85,33.84,183.16,151.44,111.88,50.73,33.62
2022-09-12,438.28,341.41,186.29,66.67,33.8,180.07,151.31,111.41,50.46,33.83
2022-09-13,428.86,328.56,182.41,65.7,33.28,179.42,152.27,110.65,49.88,33.17
2022-09-14,418.9,320.68,179.22,64.86,32.51,179.92,154.15,110.16,48.19,32.39
2022-09-15,422.64,324.3,179.59,65.41,32.92,180.36,154.35,110.63,49.51,32.43
2022-09-16,420.01,321.83,179.4,64.55,32.25,176.78,153.57,108.6,48.51,32.37
2022-09-19,417.14,319.56,177.69,64.49,32.26,175.75,153.3,108.91,48.5,31.87
2022-09-20,420.42,320.58,180.91,65.3,32.69,176.39,152.89,110.65,49.07,32.35
2022-09-21,424.77,323.57,182.19,65.31,32.53,173.63,152.7,112.83,50.14,32.35
2022-09-22,428.46,329.77,183.22,65.71,32.22,173.68,151.28,113.52,49.26,32.68
2022-09-23,433.64,333.12,184.25,65.41,32.2,172.92,148.77,114.88,49.48,32.78
2022-09-26,431.1,332.82,183.72,65.07,32.18,171.01,148.62,114.21,48.83,32.69
2022-09-27,427.48,330.38,182.67,63.55,31.93,166.27,146.95,113.81,48.04,32.11
2022-09-28,422.38,327.54,177.98,63.37,31.69,164.42,146.14,111.35,47.68,31.8
2022-09-29,414.4,319.19,173.37,63.0,31.01,166.52,147.02,108.88,46.31,30.93
2022-09-30,408.62,313.91,169.37,61.53,30.31,163.57,145.66,106.31,44.74,30.83
2022-10-03,409.05,314.76,167.56,61.29,30.29,162.15,146.36,104.85,44.24,30.56
2022-10-04,409.98,314.44,167.68,61.31,30.14,162.87,146.69,105.02,44.04,30.79
2022-10-05,409.06,312.99,167.38,61.85,29.95,163.97,144.68,105.38,45.0,30.95
2022-10-06,410.02,312.84,167.85,61.87,29.79,163.56,144.66,104.84,44.51,30.68
2022-10-07,412.01,315.72,168.93,62.44,30.03,164.21,145.16,105.2,44.47,31.33
2022-10-10,410.07,312.66,168.57,62.35,29.62,165.7,145.43,104.06,44.87,31.34
2022-10-11,404.4,310.61,166.66,61.7,29.64,165.68,146.03,102.25,44.6,30.97
2022-10-12,404.63,309.37,166.92,61.72,29.34,163.54,145.96,99.82,44.36,30.83
2022-10-13,410.85,314.28,170.43,62.27,29.69,164.84,145.36,102.13,44.72,31.43
2022-10-14,415.34,319.74,174.55,62.48,29.56,163.18,145.49,103.19,45.02,31.58
2022-10-17,419.14,320.99,177.67,64.03,30.19,164.59,144.93,102.92,45.52,31.72
2022-10-18,412.49,317.97,174.82,63.41,29.76,163.88,146.48,101.32,44.83,31.11
2022-10-19,411.06,313.98,171.98,63.15,29.65,162.3,145.9,100.92,43.38,30.72
2022-10-20,413.14,316.65,171.56,63.4,30.0,163.61,146.12,100.93,43.3,30.88
2022-10-21,414.22,318.85,172.13,63.82,30.16,164.77,147.51,100.47,42.4,31.22
2022-10-24,415.6,316.9,172.02,64.3,30.27,164.42,148.8,99.88,42.04,31.34
2022-10-25,417.62,319.72,173.9,64.6,30.53,164.11,148.77,100.35,42.43,31.72
2022-10-26,420.43,322.44,174.2,64.92,30.68,164.51,151.45,100.24,42.7,32.07
2022-10-27,421.07,327.54,173.89,65.04,30.52,163.62,151.74,100.65,42.61,32.35
2022-10-28,420.79,326.62,176.88,65.23,30.4,162.56,150.24,101.63,42.62,32.59
2022-10-31,420.66,327.91,175.77,64.75,30.31,163.28,150.98,100.72,42.76,32.26
2022-11-01,418.35,323.88,176.26,64.8,30.41,165.24,155.13,99.14,42.2,31.88
2022-11-02,414.5,318.19,174.22,63.93,30.14,165.33,155.9,98.89,42.15,31.51
2022-11-03,424.77,328.33,176.65,64.61,30.17,165.4,155.09,100.05,43.83,32.3
2022-11-04,428.46,329.99,177.16,65.02,30.42,163.09,153.86,100.53,44.02,32.41
2022-11-07,426.02,327.34,176.17,65.0,30.61,162.84,153.38,100.57,44.33,32.19
2022-11-08,430.03,333.04,179.38,66.14,30.82,162.85,153.26,101.27,44.4,32.2
2022-11-09,430.66,332.12,179.79,65.91,30.51,163.12,153.36,101.93,45.61,32.37
2022-11-10,433.21,332.4,179.45,66.83,30.6,161.97,152.62,102.28,45.29,32.5
2022-11-11,439.48,336.68,180.61,67.89,31.16,161.61,150.1,102.85,46.05,33.27
2022-11-14,434.52,331.86,179.19,66.4,30.87,159.77,150.32,101.92,46.07,33.05
2022-11-15,423.14,319.73,174.33,65.1,30.32,160.71,151.94,99.85,43.95,32.03
2022-11-16,425.32,319.67,176.06,65.74,30.6,156.82,148.96,101.81,44.09,31.97
2022-11-17,431.49,325.39,180.09,66.55,31.1,157.55,149.72,105.16,45.54,32.2
2022-11-18,433.86,329.8,182.49,66.63,31.48,158.82,153.39,104.86,45.41,32.19
2022-11-21,431.64,325.99,178.25,66.18,31.36,158.33,155.71,104.13,45.6,31.95
2022-11-22,435.88,330.46,181.72,66.68,31.75,158.96,155.36,105.47,47.57,32.32
2022-11-23,438.14,335.05,184.0,66.92,31.28,159.22,152.59,107.26,47.87,32.84
2022-11-24,433.86,328.0,182.45,66.49,30.92,159.4,156.18,107.28,47.95,32.77
2022-11-25,441.38,334.6,183.35,67.19,31.5,158.47,155.24,107.8,49.55,33.44
2022-11-28,444.83,339.05,184.78,67.62,31.41,155.39,154.33,108.26,50.31,34.15
2022-11-29,453.01,344.66,188.04,68.72,32.58,158.16,156.12,109.88,51.14,34.93
2022-11-30,447.58,339.11,185.46,68.79,32.36,154.86,156.0,107.91,50.36,34.55
2022-12-01,446.37,339.57,183.0,68.39,32.37,154.0,153.89,108.05,50.9,34.41
2022-12-02,436.74,331.98,176.74,67.41,31.58,152.08,153.33,105.64,49.01,33.71
2022-12-05,434.71,332.01,176.11,66.88,31.16,149.58,153.14,104.45,46.95,33.34
2022-12-06,430.47,331.11,172.2,65.76,30.98,151.1,153.19,102.91,46.7,32.24
2022-12-07,421.66,322.26,170.13,64.67,30.47,152.34,156.79,100.93,45.72,31.99
2022-12-08,414.61,317.59,165.88,63.89,29.98,150.76,155.58,99.54,45.33,31.4
2022-12-09,415.11,319.13,164.98,64.19,30.26,154.34,156.31,99.56,46.02,31.54
2022-12-12,412.77,316.16,164.56,63.63,29.94,154.34,157.69,98.58,44.58,30.85
2022-12-13,407.09,308.41,162.01,62.59,29.33,153.17,156.92,98.61,44.32,30.52
2022-12-14,405.13,305.8,161.52,62.61,29.07,153.17,154.35,98.63,44.68,30.42
2022-12-15,413.73,312.14,165.48,63.57,29.55,153.39,153.91,101.11,46.55,31.16
2022-12-16,417.75,314.55,168.06,63.74,29.97,156.65,154.49,100.44,46.93,31.67
2022-12-19,420.55,317.6,170.36,64.25,30.48,158.14,156.83,101.45,47.99,31.84
2022-12-20,417.86,318.3,169.31,64.22,30.42,157.1,156.93,101.96,47.96,31.28
2022-12-21,417.02,320.88,168.58,63.39,30.6,157.86,157.48,101.26,48.46,30.96
2022-12-22,422.65,327.25,171.25,64.04,30.89,159.38,156.56,101.04,49.49,31.48
2022-12-23,425.14,330.4,171.92,64.59,31.1,158.81,155.89,103.21,48.81,31.83
2022-12-26,417.29,322.72,168.02,62.94,30.49,157.98,153.47,102.38,48.83,31.63
2022-12-27,419.17,324.58,170.28,63.81,31.08,157.01,153.38,103.26,48.27,31.99
2022-12-28,430.29,336.44,176.79,65.09,31.75,157.74,152.02,104.66,50.44,33.24
2022-12-29,425.65,333.9,174.56,64.7,31.61,158.94,152.9,105.09,50.21,33.04
2022-12-30,421.82,334.46,173.25,64.51,31.04,157.24,154.41,104.1,48.08,32.9
2023-01-02,419.4,334.89,171.98,64.28,31.18,155.93,153.15,103.25,48.31,32.39
2023-01-03,411.72,328.97,167.85,63.26,30.21,154.44,153.18,102.2,46.56,32.14
2023-01-04,408.7,324.69,168.24,63.06,29.95,154.17,154.9,103.02,45.84,32.01
2023-01-05,409.29,323.36,168.47,63.14,30.26,156.12,154.98,103.34,46.62,31.94
2023-01-06,412.2,326.01,168.66,63.08,30.66,156.16,156.97,103.25,46.99,32.62
2023-01-09,407.45,317.81,168.07,62.32,30.32,155.42,157.15,101.7,46.44,32.44
2023-01-10,402.99,312.24,165.73,61.32,29.79,155.4,156.83,100.58,45.82,31.89
2023-01-11,406.32,318.1,166.59,61.81,29.96,155.83,158.96,101.41,44.95,32.13
2023-01-12,412.21,323.33,170.29,62.21,29.89,155.97,156.29,102.46,46.33,32.23
2023-01-13,406.44,315.84,167.69,61.48,29.85,157.42,157.67,101.76,46.18,31.58
2023-01-16,410.58,317.68,170.5,62.41,30.29,157.59,157.84,100.32,46.9,31.89
2023-01-17,410.52,318.95,170.32,61.96,30.11,157.48,158.08,100.25,47.32,31.59
2023-01-18,411.5,322.33,168.73,62.06,30.01,156.83,156.78,99.94,48.22,31.29
2023-01-19,406.25,314.85,168.36,61.39,29.68,156.24,155.57,99.03,49.35,31.4
2023-01-20,402.51,312.48,165.73,60.3,29.48,157.64,157.74,97.79,48.62,31.1
2023-01-23,404.46,313.61,164.83,60.53,29.85,156.34,158.03,98.21,49.25,31.43
2023-01-24,401.46,307.78,163.0,60.56,29.64,155.59,155.39,99.36,49.71,31.56
2023-01-25,406.05,313.17,164.69,60.97,29.78,159.2,156.99,100.05,50.54,31.57
2023-01-26,413.21,318.69,168.38,62.16,30.42,159.79,156.66,101.61,51.32,32.09
2023-01-27,420.37,325.27,170.62,62.71,31.04,161.11,157.38,102.78,52.63,32.41
2023-01-30,419.31,326.12,171.06,62.22,30.65,160.88,159.75,100.62,52.16,31.86
2023-01-31,416.48,322.71,169.35,61.72,30.42,160.09,157.74,100.75,52.38,31.91
2023-02-01,409.43,316.58,166.97,60.6,29.9,159.58,160.51,100.91,50.32,31.95
2023-02-02,405.37,314.55,166.16,59.81,29.67,159.13,161.55,100.17,50.48,31.65
2023-02-03,404.77,316.01,166.45,59.99,29.54,157.5,160.45,99.31,50.71,31.86
2023-02-06,404.22,318.17,167.6,60.01,29.34,159.32,161.16,99.43,50.42,31.6
2023-02-07,397.71,313.06,163.8,60.39,29.01,157.46,161.69,99.28,49.54,31.3
2023-02-08,389.65,304.06,159.11,58.84,28.36,154.2,159.38,96.9,47.79,30.71
2023-02-09,391.16,307.12,160.5,59.4,28.56,154.61,160.21,97.34,47.77,30.77
2023-02-10,387.71,304.55,158.83,58.78,28.13,152.72,161.16,96.36,46.49,30.62
2023-02-13,385.41,299.82,158.94,58.39,27.87,152.8,162.68,96.09,45.55,30.6
2023-02-14,383.46,301.3,157.94,57.36,27.59,154.93,165.97,97.02,44.56,30.49
2023-02-15,380.49,298.83,155.29,56.79,27.19,155.94,167.61,96.53,43.24,30.04
2023-02-16,377.44,297.42,155.08,56.83,26.95,152.04,164.22,96.85,42.69,29.82
2023-02-17,384.69,306.73,158.22,57.47,27.29,152.36,166.18,98.39,43.67,30.59
2023-02-20,379.78,303.28,155.69,56.06,26.3,150.33,166.6,96.93,42.58,30.53
2023-02-21,374.51,298.07,153.65,55.27,25.95,148.05,168.16,94.99,42.79,30.1
2023-02-22,379.05,302.41,155.61,55.55,26.16,148.6,166.95,95.84,43.03,30.97
2023-02-23,378.82,304.96,155.2,55.57,25.88,147.69,167.1,96.77,42.86,31.27
2023-02-24,381.74,310.82,156.32,56.65,26.14,146.72,165.1,99.2,43.74,31.57
2023-02-27,387.35,317.71,160.8,56.72,26.26,146.01,161.94,101.25,44.35,32.34
2023-02-28,398.02,327.78,165.1,57.87,27.05,145.81,160.32,104.39,46.01,32.8
2023-03-01,392.69,325.28,163.05,57.02,26.63,145.39,161.73,101.8,44.58,32.28
2023-03-02,392.4,326.09,161.56,57.08,26.86,146.13,162.32,101.61,44.11,32.13
2023-03-03,398.21,331.78,163.16,57.49,27.16,145.87,162.48,103.07,45.16,32.93
2023-03-06,402.9,334.71,164.28,57.95,27.3,144.69,161.02,103.47,45.2,33.23
2023-03-07,408.49,340.8,169.42,58.62,27.58,144.75,161.07,105.14,47.18,33.66
2023-03-08,412.66,345.49,169.49,59.29,28.14,144.03,160.61,104.22,46.83,34.12
2023-03-09,410.65,341.17,168.89,58.93,27.88,144.97,159.38,103.31,46.81,34.22
2023-03-10,416.63,345.9,172.61,59.29,28.55,143.95,160.41,103.85,48.8,34.94
2023-03-13,412.03,340.16,171.45,59.22,28.4,144.02,161.66,103.24,47.6,34.4
2023-03-14,413.3,343.9,173.76,59.63,28.62,144.89,161.2,103.53,47.45,34.23
2023-03-15,415.03,346.05,175.3,60.01,28.83,145.68,161.35,104.41,47.39,34.5
2023-03-16,418.36,348.07,176.89,60.14,28.83,144.36,162.26,105.81,47.93,35.34
2023-03-17,417.64,353.61,176.09,60.08,28.68,144.39,163.85,105.09,48.48,35.21
2023-03-20,419.09,353.21,177.26,60.21,28.62,143.51,166.93,104.97,47.51,35.1
2023-03-21,419.02,354.27,177.82,60.44,28.54,143.84,165.91,104.48,46.97,34.78
2023-03-22,424.28,361.2,181.32,61.0,29.01,141.79,166.17,105.36,47.85,35.38
2023-03-23,419.73,353.29,178.45,60.76,28.98,140.35,164.42,103.92,47.28,34.71
2023-03-24,413.19,344.86,175.59,59.68,28.47,141.5,163.41,102.74,47.29,34.09
2023-03-27,410.68,344.65,174.0,59.78,28.52,141.01,164.22,102.36,47.54,33.74
2023-03-28,411.04,344.89,174.95,59.46,28.67,141.64,162.72,103.7,49.26,34.15
2023-03-29,417.92,352.15,176.13,59.47,28.89,141.04,160.89,104.67,50.25,34.25
2023-03-30,415.97,353.27,173.9,59.52,28.73,141.51,162.82,104.7,50.31,33.7
2023-03-31,421.43,357.15,176.68,60.2,29.18,142.27,161.53,104.83,51.75,34.23
2023-04-03,427.13,362.98,177.59,61.1,29.49,142.94,160.51,107.47,51.97,34.61
2023-04-04,427.83,361.36,178.32,61.8,29.6,143.67,156.96,108.1,52.34,34.63
2023-04-05,433.28,366.3,180.56,62.22,29.4,142.23,157.26,106.86,51.89,34.84
2023-04-06,442.12,377.19,183.77,63.59,29.83,143.65,155.54,109.7,52.82,35.3
2023-04-07,441.21,376.85,182.73,63.69,29.69,144.37,156.41,109.45,52.3,35.2
2023-04-10,444.16,384.6,185.02,64.33,30.67,145.24,157.58,110.75,52.41,35.31
2023-04-11,441.8,383.55,183.69,64.12,30.81,146.34,158.03,109.74,52.99,35.28
2023-04-12,434.0,374.56,180.39,63.62,30.68,146.72,159.38,108.47,51.81,34.6
2023-04-13,434.27,374.76,178.27,63.46,30.64,146.43,158.94,108.75,51.0,34.1
2023-04-14,432.74,374.83,179.5,63.61,30.29,145.85,159.22,108.58,51.03,33.84
2023-04-17,433.24,376.28,180.65,63.36,30.15,142.32,157.26,107.73,50.16,33.95
2023-04-18,433.14,371.17,180.98,63.05,30.18,141.04,156.6,107.56,50.48,34.07
2023-04-19,432.07,366.68,178.82,62.73,30.05,140.49,157.07,107.01,49.62,33.85
2023-04-20,433.36,368.72,181.57,62.64,30.04,140.91,157.18,106.92,48.87,33.83
2023-04-21,428.29,359.73,178.43,61.75,29.79,141.77,156.42,106.0,47.4,33.27
2023-04-24,430.41,363.68,178.47,62.33,29.64,140.13,156.68,107.52,47.6,33.45
2023-04-25,420.0,348.71,174.07,61.17,28.8,140.08,157.13,106.59,46.6,33.05
2023-04-26,420.21,348.67,175.37,60.85,29.36,140.79,158.0,107.33,48.15,33.34
2023-04-27,412.8,343.99,171.56,60.09,28.64,140.94,157.8,105.77,46.89,33.15
2023-04-28,422.36,353.87,175.88,60.93,29.39,140.9,156.72,108.59,47.85,33.95
2023-05-01,415.02,347.79,174.75,60.46,29.4,139.77,157.27,106.29,47.06,33.62
2023-05-02,415.68,345.55,173.59,60.03,29.4,142.5,159.79,104.93,47.89,33.73
2023-05-03,408.62,337.75,171.65,59.53,28.77,142.99,157.53,103.67,47.92,33.3
2023-05-04,406.49,337.35,171.71,59.77,28.98,144.35,159.25,103.69,47.95,33.1
2023-05-05,401.1,330.0,168.98,59.31,29.03,144.49,160.91,103.72,47.42,32.84
2023-05-08,400.16,331.63,169.16,58.77,28.88,146.29,161.57,103.97,47.63,32.46
2023-05-09,402.65,331.4,169.65,59.43,29.22,146.33,161.82,104.59,48.09,32.87
2023-05-10,399.51,328.3,167.86,58.53,28.65,148.03,163.11,102.78,46.54,32.39
2023-05-11,406.81,335.3,172.62,59.44,29.23,146.62,163.42,103.86,47.92,32.88
2023-05-12,407.79,336.99,172.85,59.68,29.26,145.8,165.27,104.75,47.4,33.08
2023-05-15,404.54,331.35,172.58,58.78,29.13,145.52,165.02,104.63,47.58,32.71
2023-05-16,408.02,335.06,172.71,59.05,29.61,147.94,166.69,104.38,48.33,33.04
2023-05-17,411.56,340.21,174.67,59.38,29.66,145.44,166.14,104.82,48.79,33.02
2023-05-18,414.75,347.64,176.07,59.63,29.88,147.88,165.71,105.72,48.75,33.04
2023-05-19,414.69,350.36,178.03,59.78,29.83,150.87,166.36,105.56,47.84,33.34
2023-05-22,419.44,360.4,178.42,60.71,30.23,151.9,164.49,107.71,48.9,33.68
2023-05-23,422.69,362.18,179.24,60.88,29.92,153.01,166.08,107.69,49.15,33.78
2023-05-24,424.44,362.66,179.01,61.45,30.11,155.99,166.92,107.57,50.26,34.03
2023-05-25,428.13,369.12,179.81,61.74,30.24,154.19,165.89,109.1,50.64,33.98
2023-05-26,420.82,364.97,176.28,60.7,29.66,151.72,167.73,106.64,50.07,33.32
2023-05-29,427.87,373.05,180.43,61.7,30.29,152.47,167.28,110.03,50.69,33.99
2023-05-30,428.12,374.2,179.98,61.82,30.28,150.38,166.62,108.69,49.36,33.97
2023-05-31,430.67,378.1,181.76,61.36,29.89,152.65,165.84,109.9,49.16,34.13
2023-06-01,427.77,376.22,180.54,60.89,29.42,152.69,164.44,109.68,50.36,34.31
2023-06-02,431.44,379.99,179.88,60.74,29.75,151.89,163.06,109.97,50.04,34.16
2023-06-05,431.37,377.9,179.0,60.45,29.79,151.75,162.69,110.54,50.02,34.08
2023-06-06,433.86,382.07,179.87,60.71,29.73,150.53,163.22,111.11,50.29,34.34
2023-06-07,434.26,384.08,181.1,61.08,29.83,152.31,164.2,112.05,50.69,34.47
2023-06-08,430.83,381.94,182.88,60.64,29.64,151.44,163.62,112.95,50.11,34.27
2023-06-09,423.32,372.11,177.47,60.09,29.93,151.33,161.83,112.5,49.32,34.03
2023-06-12,422.14,369.44,176.74,60.26,29.89,150.79,161.36,111.08,49.39,33.5
2023-06-13,420.2,369.0,176.15,60.26,29.82,152.22,163.3,111.18,49.74,33.52
2023-06-14,418.28,364.02,175.82,60.3,30.04,151.31,161.78,111.49,49.87,33.05
2023-06-15,420.24,362.1,175.7,61.03,30.75,150.42,160.74,112.17,51.65,33.22
2023-06-16,418.14,363.2,174.21,61.03,30.32,149.83,158.64,110.5,51.63,33.0
2023-06-19,416.8,360.16,173.38,61.01,30.52,146.69,156.56,110.18,51.5,33.1
2023-06-20,418.24,361.03,173.41,61.07,30.85,145.99,156.18,110.57,52.78,33.17
2023-06-21,422.99,368.73,175.36,61.45,31.0,145.59,157.02,111.43,53.23,33.2
2023-06-22,418.55,368.63,173.03,60.64,30.97,145.66,158.44,110.06,52.3,32.66
2023-06-23,412.2,361.59,170.52,60.67,30.82,142.75,157.71,111.19,52.25,32.21
2023-06-26,415.15,363.15,170.33,60.84,30.96,140.67,155.24,111.56,52.26,32.54
2023-06-27,409.64,358.76,166.53,60.82,30.37,139.08,155.57,111.61,51.44,32.26
2023-06-28,409.89,356.84,166.14,60.42,29.95,139.51,154.1,112.06,50.58,32.34
2023-06-29,407.79,357.56,165.47,60.62,29.76,139.35,153.09,111.15,50.07,31.99
2023-06-30,402.38,348.8,160.68,59.65,29.46,137.55,150.94,111.51,49.08,31.67
2023-07-03,405.48,353.49,160.34,59.85,29.21,140.35,149.73,111.31,48.63,31.38
2023-07-04,411.92,365.58,162.41,59.97,28.88,139.58,148.94,111.37,48.81,31.8
2023-07-05,413.6,366.72,161.94,60.37,29.04,140.85,150.18,110.44,48.04,31.6
2023-07-06,408.85,363.16,160.25,60.26,28.97,141.01,152.13,109.87,47.54,31.59
2023-07-07,409.55,363.27,159.65,60.58,29.36,141.25,153.82,108.15,47.53,31.52
2023-07-10,406.35,364.9,158.1,60.04,29.1,138.41,152.43,107.74,46.49,31.05
2023-07-11,412.6,374.75,161.16,60.5,29.34,137.38,150.64,107.77,46.64,31.24
2023-07-12,405.52,367.34,158.4,60.37,28.96,137.58,151.52,106.2,46.26,30.91
2023-07-13,407.19,368.64,158.72,60.05,28.72,136.76,149.7,106.78,47.01,30.86
2023-07-14,408.67,368.01,159.06,59.98,28.87,136.17,150.56,106.79,46.76,30.66
2023-07-17,410.02,371.45,159.83,60.91,29.5,136.06,150.22,107.6,46.73,31.09
2023-07-18,411.87,374.07,161.3,61.75,29.84,136.08,152.03,108.93,46.85,31.29
2023-07-19,412.96,376.08,160.28,61.26,29.5,134.77,150.73,109.3,46.52,31.34
2023-07-20,407.43,368.89,158.59,60.91,29.08,134.85,153.76,108.15,45.36,30.87
2023-07-21,408.02,369.21,158.79,60.45,28.74,134.51,153.36,107.58,45.08,30.87
2023-07-24,412.33,373.77,161.0,60.71,29.06,135.11,154.42,109.18,45.97,31.19
2023-07-25,413.65,377.6,160.78,60.58,29.08,135.5,153.6,109.23,45.97,30.7
2023-07-26,412.79,376.28,160.23,61.01,28.9,134.52,149.98,108.69,45.71,30.6
2023-07-27,418.18,384.26,162.5,61.41,29.39,134.63,148.86,108.12,46.04,31.09
2023-07-28,429.29,396.96,166.28,62.11,30.0,132.86,148.33,110.66,47.32,31.85
2023-07-31,432.23,400.69,166.62,63.09,30.26,133.94,145.6,112.8,48.87,32.2
2023-08-01,435.15,405.34,167.07,63.57,30.27,133.22,146.58,114.02,48.51,32.2
2023-08-02,432.16,403.66,164.68,63.35,30.3,133.1,148.05,112.88,47.89,31.64
2023-08-03,437.35,407.76,167.21,63.89,30.33,132.51,149.11,114.03,47.68,32.09
2023-08-04,436.81,415.54,167.08,63.6,30.56,130.11,148.94,115.1,47.35,31.62
2023-08-07,435.03,417.04,166.66,63.07,30.19,129.13,149.32,115.64,47.51,31.61
2023-08-08,428.69,406.37,164.67,61.95,29.65,129.38,148.22,113.58,46.85,31.28
2023-08-09,434.06,414.1,166.91,62.21,29.6,128.71,148.22,114.69,45.91,31.42
2023-08-10,440.21,421.5,167.86,63.7,30.17,129.48,148.62,115.66,46.16,32.31
2023-08-11,445.43,429.71,170.58,63.83,30.64,128.62,148.56,114.83,45.41,32.65
2023-08-14,441.54,420.13,169.67,64.32,31.03,128.78,148.64,115.5,46.24,32.51
2023-08-15,441.89,421.28,170.39,64.3,31.0,130.28,150.69,116.18,47.29,32.45
2023-08-16,450.29,432.49,177.6,64.75,31.2,130.66,150.94,120.04,47.93,33.45
2023-08-17,456.45,441.59,179.01,65.9,31.98,131.66,151.35,121.61,48.7,34.02
2023-08-18,456.8,439.78,177.95,65.64,31.96,131.76,151.54,122.17,48.33,34.37
2023-08-21,455.6,437.23,178.01,64.81,31.49,132.7,149.73,123.33,49.24,34.28
2023-08-22,457.3,442.14,178.09,65.28,31.49,132.07,148.55,123.81,50.01,34.37
2023-08-23,450.94,431.82,175.92,65.39,31.46,131.8,149.6,122.5,49.29,33.74
2023-08-24,458.39,434.0,180.12,66.06,31.76,134.15,148.82,124.15,50.42,34.5
2023-08-25,456.29,427.54,178.28,66.38,31.81,134.97,148.68,123.4,51.47,34.35
2023-08-28,454.18,427.89,176.47,65.88,31.6,134.78,149.2,124.86,51.32,33.57
2023-08-29,456.06,430.14,177.27,66.17,31.72,134.79,149.86,124.63,50.84,34.42
2023-08-30,452.55,426.33,174.06,65.81,31.28,134.14,151.09,124.01,50.44,33.63
2023-08-31,462.27,434.5,179.93,67.29,32.11,133.63,150.45,125.89,51.86,34.45
2023-09-01,451.89,425.37,175.4,65.99,31.31,133.6,150.03,121.14,50.65,33.67
2023-09-04,451.06,421.52,175.2,65.35,30.86,132.65,150.62,120.41,49.98,34.08
2023-09-05,453.05,424.65,175.56,65.3,30.36,133.52,151.33,120.49,49.72,34.31
2023-09-06,445.32,414.31,171.07,65.19,30.33,131.16,149.0,118.67,48.74,33.48
2023-09-07,455.43,426.67,175.75,65.97,30.98,130.95,148.13,121.32,48.94,34.65
2023-09-08,456.56,431.22,174.88,65.66,30.62,130.96,148.27,120.63,47.98,34.21
2023-09-11,456.5,429.95,174.07,66.26,30.76,132.6,148.12,121.27,48.18,33.8
2023-09-12,464.15,438.43,178.06,66.76,31.05,131.72,148.92,122.95,49.05,34.74
2023-09-13,470.47,447.78,178.92,67.07,31.03,132.49,149.12,122.48,49.17,34.61
2023-09-14,470.38,443.3,179.58,67.27,31.56,133.92,148.98,124.0,48.95,34.47
2023-09-15,472.35,439.91,180.45,67.12,31.6,132.94,148.8,124.49,50.07,34.71
2023-09-18,468.44,434.8,177.27,66.86,31.56,135.91,149.25,123.85,49.53,34.37
2023-09-19,470.67,437.19,179.43,66.86,31.87,136.65,149.43,124.19,51.5,34.4
2023-09-20,472.46,437.27,182.31,67.46,31.92,137.36,149.78,124.42,52.38,34.76
2023-09-21,473.81,438.68,183.36,67.7,32.04,136.66,151.58,123.4,52.59,34.74
2023-09-22,483.56,447.37,186.55,68.29,32.53,135.38,149.95,122.86,53.63,35.25
2023-09-25,475.66,441.24,181.62,67.76,31.98,136.99,151.94,120.17,51.86,34.61
2023-09-26,474.44,439.41,182.62,67.37,31.87,138.06,153.4,119.96,51.6,34.08
2023-09-27,468.99,434.02,180.15,66.83,31.83,136.62,152.99,118.89,50.6,34.06
2023-09-28,474.04,440.51,184.36,66.76,31.95,136.99,151.78,120.32,50.57,34.65
2023-09-29,479.96,447.98,184.53,66.92,32.26,137.17,148.28,122.72,51.42,34.85
2023-10-02,485.6,452.62,186.04,67.62,33.07,139.6,149.23,124.78,52.98,34.93
2023-10-03,489.37,454.93,188.0,67.93,33.38,139.97,145.39,126.15,54.29,35.47
2023-10-04,489.0,458.94,188.11,68.03,33.67,140.34,144.71,123.41,53.9,35.51
2023-10-05,487.24,459.09,187.49,68.36,33.64,140.85,145.65,124.69,52.64,35.27
2023-10-06,492.16,469.04,189.69,68.69,34.05,141.89,145.55,125.98,54.01,36.1
2023-10-09,496.52,474.26,191.4,69.35,34.33,142.26,144.2,128.42,53.94,36.37
2023-10-10,497.28,480.77,191.03,69.08,34.1,143.99,141.63,127.48,55.8,36.51
2023-10-11,491.28,473.54,188.61,68.84,34.37,144.64,141.56,127.46,55.14,35.86
2023-10-12,481.78,458.05,183.68,67.43,33.78,143.13,137.78,124.52,53.91,35.05
2023-10-13,490.35,466.36,188.29,68.31,34.26,142.36,137.03,125.45,55.02,35.68
2023-10-16,485.33,463.21,186.65,67.61,33.95,142.0,136.32,124.41,54.0,35.05
2023-10-17,476.67,452.12,183.76,66.49,34.06,143.18,138.62,123.79,54.68,34.27
2023-10-18,463.22,435.36,178.84,65.23,33.39,144.61,140.11,122.27,52.77,33.05
2023-10-19,471.97,445.73,181.7,65.84,33.63,143.84,137.99,122.25,53.39,33.46
2023-10-20,478.13,453.65,184.53,66.15,33.85,144.33,138.7,123.3,54.68,33.87
2023-10-23,482.65,457.57,184.2,66.67,34.31,145.4,139.24,123.87,54.65,34.2
2023-10-24,485.19,458.99,186.61,66.61,34.2,147.47,140.67,124.31,55.16,34.41
2023-10-25,470.51,439.63,180.51,65.05,33.4,148.71,141.28,120.62,53.83,33.26
2023-10-26,469.87,438.13,182.92,64.17,33.02,148.46,140.33,121.54,54.43,33.34
2023-10-27,468.62,436.41,182.25,64.01,32.88,148.76,141.34,119.98,53.4,32.72
2023-10-30,473.45,442.57,184.84,63.93,33.45,148.17,141.25,121.71,53.45,32.93
2023-10-31,474.6,451.46,185.49,64.59,34.0,148.55,140.56,122.94,52.78,33.38
2023-11-01,475.88,445.88,185.75,65.03,34.11,149.93,139.59,122.46,53.2,33.54
2023-11-02,474.2,447.18,183.91,64.94,34.04,147.79,137.7,121.69,54.14,33.59
2023-11-03,465.2,428.81,181.19,64.12,33.86,147.0,137.99,121.25,53.34,33.04
2023-11-06,465.53,430.55,181.25,64.51,33.86,145.29,139.77,120.26,52.61,32.99
2023-11-07,466.07,430.17,181.46,64.56,33.93,142.46,141.02,119.74,52.74,32.7
2023-11-08,463.78,425.87,182.27,64.15,33.96,141.71,140.36,119.2,53.56,32.22
2023-11-09,457.1,413.55,178.26,63.21,33.05,140.71,137.8,116.9,53.44,31.89
2023-11-10,458.26,412.37,176.99,62.89,32.95,141.91,139.01,117.77,52.99,31.87
2023-11-13,456.78,410.24,178.74,62.12,32.62,143.2,137.81,117.2,52.67,31.76
2023-11-14,448.78,402.84,176.08,61.53,32.0,142.96,137.17,115.29,53.11,31.29
2023-11-15,442.96,396.86,172.05,60.49,31.24,142.09,138.25,114.25,52.27,30.53
2023-11-16,440.43,394.71,170.25,60.13,31.16,141.63,138.56,115.14,51.87,30.63
2023-11-17,443.41,394.54,170.32,60.13,31.02,141.67,138.91,116.97,52.31,30.75
2023-11-20,433.24,383.62,166.12,59.2,30.98,143.21,140.91,114.19,51.04,29.94
2023-11-21,429.63,380.81,164.96,58.46,30.94,143.24,139.26,113.46,50.99,29.92
2023-11-22,428.16,381.08,164.49,57.84,30.35,144.24,141.08,113.28,51.38,29.98
2023-11-23,431.67,382.83,167.87,58.42,30.54,143.59,140.88,112.56,52.3,30.11
2023-11-24,433.67,383.8,168.42,58.35,30.53,146.03,143.07,113.51,52.52,30.36
2023-11-27,439.44,388.16,170.77,58.28,30.93,148.95,143.7,112.96,53.75,30.44
2023-11-28,436.33,386.21,169.69,57.8,30.53,148.83,143.42,111.15,52.92,30.24
2023-11-29,435.63,382.23,170.56,56.84,30.11,147.93,143.21,111.52,53.51,30.1
2023-11-30,438.72,385.99,169.9,57.74,30.12,148.57,143.63,112.32,53.33,30.44
2023-12-01,431.2,377.74,166.14,56.8,29.72,149.81,144.02,111.69,52.57,29.69
2023-12-04,430.12,375.9,164.92,56.84,29.75,147.87,141.54,111.76,51.99,29.74
2023-12-05,434.12,377.33,165.09,57.79,30.23,147.85,140.08,112.29,51.92,30.22
2023-12-06,430.49,375.89,163.09,57.06,29.79,144.18,139.18,110.66,51.49,29.52
2023-12-07,436.38,384.06,166.79,57.59,30.36,142.49,139.34,110.84,51.06,29.66
2023-12-08,436.59,382.4,167.31,57.01,29.67,143.94,140.64,109.94,50.71,29.81
2023-12-11,438.85,385.16,169.42,56.99,29.73,143.89,140.24,110.04,51.04,30.0
2023-12-12,433.84,381.57,166.2,56.41,29.34,144.09,138.23,109.86,50.06,29.9
2023-12-13,431.67,379.12,167.38,56.15,29.5,144.18,138.91,109.7,50.62,29.7
2023-12-14,427.06,372.73,165.58,55.66,29.4,145.86,138.5,108.48,49.47,29.8
2023-12-15,428.72,375.56,164.76,55.78,29.58,145.64,139.65,110.72,49.01,29.64
2023-12-18,424.64,374.73,164.09,55.34,29.34,144.27,140.7,109.19,48.13,29.46
2023-12-19,423.91,373.41,163.79,55.54,29.77,145.29,142.02,109.07,47.88,29.54
2023-12-20,424.91,371.34,163.9,55.63,29.7,147.35,142.96,110.94,48.35,29.67
2023-12-21,420.6,366.73,162.1,54.77,29.18,146.67,143.48,110.29,47.29,29.43
2023-12-22,419.9,359.81,161.43,55.12,28.89,147.11,145.1,109.72,47.15,29.13
2023-12-25,427.9,368.04,164.78,56.32,29.63,146.43,143.69,111.88,47.9,29.3
2023-12-26,427.82,364.73,166.56,56.44,29.46,145.62,141.04,111.16,48.71,29.95
2023-12-27,431.53,368.41,167.62,56.45,30.04,145.69,143.42,113.1,48.15,30.0
2023-12-28,428.45,365.01,166.25,57.19,29.93,146.04,144.35,112.65,47.9,29.6
2023-12-29,429.14,366.83,166.84,57.44,30.37,147.4,144.94,111.86,47.81,29.55
2024-01-01,430.55,367.26,166.41,57.16,29.91,146.96,142.87,111.04,47.44,29.29
2024-01-02,432.59,371.0,166.59,57.17,30.08,146.07,141.7,112.37,48.19,29.58
2024-01-03,437.33,371.61,170.15,57.82,30.67,147.09,141.62,113.64,49.44,29.97
2024-01-04,441.84,372.78,171.49,59.0,31.0,147.24,140.18,115.24,49.76,30.35
2024-01-05,446.29,375.83,174.27,59.74,31.63,147.82,143.86,117.32,50.61,30.5
2024-01-08,445.99,378.69,176.0,60.25,31.98,146.2,144.18,115.85,49.64,30.55
2024-01-09,448.83,383.69,177.71,60.7,31.94,145.94,142.26,114.39,50.25,30.55
2024-01-10,453.47,391.12,178.86,61.32,32.07,143.59,141.56,114.29,50.09,31.27
2024-01-11,445.88,383.97,174.45,60.89,31.8,143.98,141.02,112.11,49.86,31.12
2024-01-12,448.5,384.67,175.98,62.07,32.27,146.21,140.58,113.24,51.04,31.51
2024-01-15,444.8,378.96,175.58,62.19,32.6,148.8,141.66,112.89,52.06,31.51
2024-01-16,440.06,371.71,174.16,61.69,32.31,150.2,143.1,113.56,50.5,31.26
2024-01-17,443.72,372.12,175.03,61.76,32.44,152.63,145.84,113.73,51.2,31.55
2024-01-18,445.86,375.2,176.24,62.6,33.04,151.51,146.44,114.97,51.82,32.06
2024-01-19,446.99,376.81,176.83,61.95,32.84,150.48,144.7,116.41,52.24,32.18
2024-01-22,444.32,374.69,176.8,61.39,32.59,151.43,142.9,116.07,51.86,31.99
2024-01-23,441.98,372.57,178.0,61.08,32.51,153.96,143.17,117.95,52.07,32.38
2024-01-24,445.94,377.35,179.59,61.22,32.68,155.2,143.35,118.49,52.34,32.84
2024-01-25,452.37,382.5,181.59,61.99,33.49,157.29,142.12,119.99,52.94,33.24
2024-01-26,460.86,388.04,183.36,62.51,33.96,158.62,142.41,123.09,52.85,34.09
2024-01-29,459.42,388.22,181.1,62.33,33.91,160.16,141.15,122.89,52.04,34.0
2024-01-30,463.68,395.64,182.15,63.04,34.62,158.1,141.29,124.35,52.31,34.01
2024-01-31,468.86,398.21,184.17,63.55,35.13,157.68,140.02,125.7,53.8,35.08
2024-02-01,461.1,390.87,179.57,63.16,34.5,156.53,139.4,123.78,52.92,34.6
2024-02-02,461.26,387.95,180.55,63.2,34.85,155.91,137.3,124.14,54.27,34.84
2024-02-05,460.41,385.07,182.31,62.78,34.5,156.57,135.35,125.78,54.96,35.22
2024-02-06,463.52,387.89,182.35,63.01,34.38,157.26,136.22,127.93,55.41,35.67
2024-02-07,462.15,385.38,182.34,62.75,34.34,155.86,134.9,128.33,56.0,35.43
2024-02-08,465.87,387.95,183.94,63.67,34.96,157.36,137.22,128.62,55.9,35.47
2024-02-09,464.72,381.41,183.33,63.4,35.06,158.24,136.6,129.54,56.73,35.3
2024-02-12,462.32,374.02,181.12,62.92,34.85,157.22,135.62,127.74,56.54,35.23
2024-02-13,464.63,376.33,180.23,62.88,34.77,156.69,135.43,129.49,57.19,35.11
2024-02-14,468.41,381.53,180.78,63.53,35.04,154.89,135.34,130.11,57.22,35.36
2024-02-15,464.8,379.28,179.16,63.22,34.92,153.24,134.17,126.65,56.99,34.72
2024-02-16,465.69,381.0,180.2,62.85,34.81,155.34,136.66,127.99,57.27,34.47
2024-02-19,469.69,384.65,182.52,63.01,34.92,155.62,136.82,129.42,57.36,34.44
2024-02-20,478.62,399.48,186.62,63.3,35.03,155.96,138.29,129.37,57.67,34.92
2024-02-21,483.54,403.69,186.75,63.97,35.69,156.29,138.6,129.83,57.69,35.44
2024-02-22,485.86,407.24,189.52,63.8,35.55,156.3,137.92,131.22,57.86,35.42
2024-02-23,486.43,408.22,190.89,64.02,35.77,156.81,137.87,130.73,58.3,35.41
2024-02-26,496.04,421.47,195.64,65.04,36.34,155.17,136.91,132.47,59.45,36.27
2024-02-27,501.46,425.37,197.07,66.12,37.07,155.13,136.47,133.64,60.37,36.84
2024-02-28,516.29,441.34,204.2,66.83,37.57,156.92,136.78,131.65,62.21,38.23
2024-02-29,504.95,433.35,195.65,66.05,36.96,153.45,137.0,129.71,60.53,37.44
2024-03-01,502.8,426.35,195.74,66.62,37.43,151.32,134.64,128.73,59.64,37.49
2024-03-04,505.26,425.28,197.84,67.14,37.52,151.33,132.22,129.32,60.32,37.9
2024-03-05,507.64,428.35,198.45,67.47,37.99,151.4,132.55,129.55,60.19,38.18
2024-03-06,504.67,426.23,197.18,67.06,37.66,150.57,130.71,129.3,60.02,38.25
2024-03-07,501.84,428.08,195.36,66.38,37.04,147.83,131.94,129.3,59.38,37.71
2024-03-08,512.47,438.3,199.45,67.96,38.05,151.2,132.65,131.57,60.59,37.94
2024-03-11,511.06,439.78,199.54,67.81,37.66,151.18,133.92,131.53,60.23,37.57
2024-03-12,516.32,437.15,202.45,69.47,37.92,151.46,133.33,132.77,62.02,38.35
2024-03-13,517.43,440.36,202.85,70.9,38.45,151.93,131.63,132.69,63.43,38.17
2024-03-14,505.13,427.63,199.43,69.74,37.64,149.16,131.89,130.72,60.45,37.67
2024-03-15,509.75,435.33,202.06,70.45,38.14,150.35,130.22,130.19,60.66,37.94
2024-03-18,512.2,438.74,204.55,71.2,38.19,150.64,129.3,130.68,61.31,37.27
2024-03-19,526.62,455.44,209.85,73.43,39.19,151.21,128.39,135.5,63.15,38.44
2024-03-20,534.08,464.97,212.9,74.65,40.58,152.13,128.61,137.4,65.61,38.85
2024-03-21,532.61,459.19,210.71,74.28,40.4,154.68,129.73,136.44,64.89,39.01
2024-03-22,539.68,466.74,213.07,75.48,40.66,155.36,132.03,137.96,64.8,39.55
2024-03-25,537.03,460.11,212.99,75.78,40.59,155.05,130.85,137.69,64.4,39.23
2024-03-26,548.91,473.91,218.82,77.38,41.69,154.87,130.71,139.73,66.32,40.25
2024-03-27,546.76,467.93,218.17,77.11,40.92,155.46,131.78,142.54,65.71,40.05
2024-03-28,540.14,461.55,215.58,76.07,40.35,152.57,132.31,139.66,64.39,39.1
2024-03-29,536.81,457.29,214.12,75.96,40.68,153.74,133.84,141.0,64.86,38.91
2024-04-01,543.21,466.94,217.68,75.92,40.56,153.14,134.39,141.81,66.06,39.7
2024-04-02,550.87,478.42,219.37,76.84,40.85,150.97,133.29,144.33,67.0,40.88
2024-04-03,552.21,486.85,219.98,76.9,40.47,151.97,133.2,143.5,67.77,41.2
2024-04-04,559.57,493.75,223.06,77.61,41.15,154.35,133.96,147.9,69.93,41.76
2024-04-05,565.09,504.79,228.24,78.71,41.66,153.99,134.49,151.12,71.17,42.48
2024-04-08,565.65,504.41,228.23,78.83,42.28,153.98,134.56,150.23,72.15,42.95
2024-04-09,576.41,516.81,233.74,79.83,43.08,154.65,134.45,152.74,74.11,43.71
2024-04-10,575.06,520.56,237.17,79.13,42.4,152.78,134.07,153.19,74.12,43.8
2024-04-11,578.76,522.51,238.45,79.5,42.08,151.26,132.16,154.82,74.65,44.41
2024-04-12,567.04,505.09,234.37,77.11,41.41,148.79,132.76,150.92,73.93,44.59
2024-04-15,552.84,491.63,225.28,75.86,40.53,148.64,132.34,148.74,70.64,43.75
2024-04-16,550.51,485.03,226.7,75.68,41.04,150.57,132.02,149.09,71.43,44.25
2024-04-17,553.48,488.73,227.66,75.93,41.63,150.8,131.62,149.04,71.52,43.98
2024-04-18,549.01,488.21,225.24,75.77,40.62,151.01,131.75,147.18,70.45,43.35
2024-04-19,536.17,476.82,219.83,74.34,39.49,148.57,131.92,145.93,68.58,41.96
2024-04-22,537.76,478.4,221.76,74.79,38.75,148.99,130.78,144.63,68.26,42.23
2024-04-23,528.07,469.78,218.47,73.84,37.93,147.32,131.89,140.35,67.37,41.37
2024-04-24,527.71,464.66,218.2,74.13,37.61,148.1,131.97,139.87,68.07,40.73
2024-04-25,530.01,471.63,221.15,74.51,37.69,147.09,131.45,140.76,67.6,41.2
2024-04-26,543.21,485.89,225.05,75.18,38.47,147.34,131.97,142.5,69.71,42.01
2024-04-29,538.94,480.05,221.4,75.64,38.45,148.34,131.77,140.64,69.09,41.97
2024-04-30,535.98,474.37,220.36,75.61,38.87,149.1,132.76,141.28,68.25,41.49
2024-05-01,529.65,463.82,218.77,75.16,38.59,145.87,134.23,138.59,68.91,40.69
2024-05-02,525.01,452.88,217.35,74.27,37.87,144.14,134.51,138.45,69.72,40.3
2024-05-03,526.54,451.02,217.62,74.22,38.04,145.67,135.87,138.06,70.89,40.36
2024-05-06,524.82,447.32,216.08,74.84,38.27,146.16,135.7,140.98,72.37,40.21
2024-05-07,523.41,445.27,215.64,74.39,38.22,148.02,134.84,139.73,72.01,39.91
2024-05-08,535.62,460.77,222.33,75.49,38.8,146.23,134.81,142.36,74.54,40.85
2024-05-09,534.98,460.54,223.31,74.77,38.79,146.13,133.72,139.74,74.31,41.18
2024-05-10,545.46,472.62,230.92,75.82,39.71,145.8,132.74,141.2,74.18,42.45
2024-05-13,541.73,466.42,227.48,75.36,40.01,148.76,131.88,140.69,73.44,42.39
2024-05-14,543.72,466.75,228.5,75.36,40.57,149.77,132.81,138.11,73.76,43.06
2024-05-15,552.19,470.49,231.96,75.69,41.48,150.67,131.75,140.26,73.11,43.37
2024-05-16,552.64,473.32,229.13,75.48,41.73,148.84,131.62,139.75,74.34,43.22
2024-05-17,551.79,474.82,226.66,75.24,41.45,148.51,132.56,139.77,73.03,43.03
2024-05-20,561.43,482.61,231.18,76.11,41.99,146.73,133.14,140.42,74.94,43.6
2024-05-21,557.69,482.12,230.9,75.83,42.04,146.22,133.31,138.78,75.28,43.1
2024-05-22,567.4,491.5,235.25,77.13,42.74,146.16,132.85,141.83,76.17,43.89
2024-05-23,567.7,494.33,235.12,77.97,42.97,145.89,132.67,140.22,75.11,43.67
2024-05-24,575.29,502.34,237.72,79.28,44.14,147.96,132.07,141.57,78.49,44.38
2024-05-27,573.79,502.85,238.53,78.86,44.03,148.99,131.27,141.51,77.45,43.94
2024-05-28,570.37,500.58,236.43,78.19,43.72,147.37,131.48,141.77,76.63,43.6
2024-05-29,573.02,497.42,238.59,80.01,44.37,147.79,132.05,145.02,78.72,43.45
2024-05-30,576.93,509.27,241.08,79.77,44.48,145.82,133.03,143.66,78.47,43.28
2024-05-31,573.61,510.13,239.59,79.13,43.76,143.05,131.15,142.45,78.36,42.87
2024-06-03,584.15,519.44,243.97,79.65,44.58,146.04,129.68,144.71,81.73,43.2
2024-06-04,588.16,527.6,245.76,80.27,45.51,148.7,130.4,145.16,81.8,43.68
2024-06-05,579.32,517.11,241.94,79.18,44.98,151.91,131.46,143.48,81.92,43.04
2024-06-06,589.1,528.33,245.89,79.25,44.7,149.37,130.8,142.88,83.51,43.67
2024-06-07,587.71,524.17,246.31,78.78,44.16,150.83,131.51,142.63,83.94,43.58
2024-06-10,590.51,524.68,250.99,78.85,44.83,150.85,132.29,144.43,86.22,43.74
2024-06-11,598.0,538.7,253.79,79.51,45.06,150.25,133.91,143.92,85.39,44.58
2024-06-12,602.5,550.54,254.87,79.91,45.06,150.19,132.02,145.28,86.12,44.85
2024-06-13,600.09,544.92,255.03,79.17,44.93,152.96,134.43,143.43,85.31,44.66
2024-06-14,599.86,540.15,255.66,79.19,45.63,153.06,135.68,142.12,84.6,44.87
2024-06-17,607.52,545.52,259.26,79.28,45.81,154.35,135.17,143.47,84.58,45.17
2024-06-18,620.01,559.53,263.21,80.25,45.89,153.06,135.82,144.96,87.43,45.99
2024-06-19,620.01,561.65,258.54,80.26,45.84,155.06,137.51,143.33,88.19,45.56
2024-06-20,613.94,555.55,255.42,80.43,45.84,155.39,138.88,143.66,88.4,45.66
2024-06-21,618.45,561.1,259.49,80.83,46.12,157.77,141.28,144.79,88.66,46.46
2024-06-24,624.34,568.71,261.53,81.51,46.5,156.99,141.03,145.97,88.94,47.2
2024-06-25,633.8,582.62,265.19,82.72,47.19,155.45,141.15,147.39,92.87,48.48
2024-06-26,639.19,589.56,267.84,82.72,46.68,154.06,140.49,145.24,92.04,48.65
2024-06-27,637.89,585.78,266.68,83.47,47.14,153.64,140.27,145.18,91.38,48.35
2024-06-28,645.51,592.88,268.17,84.14,47.6,151.3,139.24,147.17,92.76,49.8
2024-07-01,655.0,608.78,277.3,85.43,48.38,152.56,138.84,149.37,93.91,50.84
2024-07-02,650.45,601.13,276.0,84.97,47.36,150.43,136.95,147.26,93.27,50.67
2024-07-03,658.62,613.12,281.6,86.04,48.02,151.97,138.25,149.38,96.16,50.48
2024-07-04,656.73,609.84,282.85,86.72,47.66,153.78,137.4,148.24,95.93,50.32
2024-07-05,645.49,599.35,278.79,86.2,47.01,153.46,137.73,148.44,91.19,49.17
2024-07-08,645.8,595.84,278.53,86.2,46.77,153.65,138.34,148.27,90.58,49.11
2024-07-09,646.01,589.95,279.6,86.06,47.21,154.82,139.85,147.5,90.62,48.67
2024-07-10,641.13,588.83,279.89,85.0,46.56,154.26,140.71,144.11,87.56,48.31
2024-07-11,627.37,571.84,273.73,83.92,45.78,153.61,141.95,142.04,84.94,47.31
2024-07-12,630.36,581.05,276.36,84.79,45.91,152.75,141.51,142.12,84.03,47.97
2024-07-15,636.97,587.46,280.65,85.56,46.61,151.25,140.67,143.15,85.76,48.39
2024-07-16,619.42,564.03,272.29,83.94,46.21,152.07,141.6,140.46,85.17,46.92
2024-07-17,618.69,559.57,274.56,84.14,46.01,151.99,142.05,140.33,84.66,46.77
2024-07-18,621.33,561.3,274.99,83.72,45.97,151.78,141.49,140.91,85.69,47.2
2024-07-19,625.5,565.09,275.93,83.58,45.81,151.8,140.39,141.67,85.04,46.86
2024-07-22,631.6,570.24,277.3,83.6,46.12,153.81,140.24,142.7,87.16,46.6
2024-07-23,646.11,594.89,278.87,84.75,46.58,153.38,139.37,145.35,88.11,47.05
2024-07-24,645.11,595.57,276.17,83.77,46.94,152.6,139.19,144.28,88.44,47.44
2024-07-25,649.64,595.3,275.83,84.0,47.03,150.64,139.21,143.35,90.2,48.39
2024-07-26,648.08,595.08,272.82,84.12,46.82,149.18,138.55,142.1,89.14,48.51
2024-07-29,642.6,594.98,267.8,84.33,46.33,148.9,138.25,140.37,88.72,48.52
2024-07-30,651.6,603.76,272.17,84.79,46.36,147.48,136.96,141.96,87.54,49.19
2024-07-31,663.17,621.04,276.16,85.08,46.91,144.57,137.14,142.66,90.25,49.32
2024-08-01,670.38,628.95,278.75,85.02,47.29,145.55,139.24,144.99,90.42,49.35
2024-08-02,660.33,622.8,272.69,84.79,47.12,145.81,139.5,144.01,89.11,48.43
2024-08-05,665.84,628.62,273.67,85.59,47.49,146.62,139.0,143.55,91.78,49.35
2024-08-06,672.82,635.24,276.21,86.95,47.99,146.09,140.69,144.52,94.54,49.4
2024-08-07,677.07,648.05,277.9,87.12,47.69,147.1,140.17,144.87,93.19,50.1
2024-08-08,686.27,658.74,279.8,88.75,48.31,145.99,137.5,145.49,92.76,50.54
2024-08-09,692.38,664.43,283.13,88.94,48.56,148.55,137.62,147.47,92.18,51.51
2024-08-12,688.92,664.48,281.25,88.91,48.7,147.92,138.94,145.62,92.3,51.01
2024-08-13,691.95,666.21,282.67,88.63,48.77,148.05,138.24,146.1,92.94,51.0
2024-08-14,691.22,661.39,286.8,89.23,49.09,149.76,136.43,143.8,93.34,50.61
2024-08-15,689.65,660.34,287.77,88.49,48.96,149.67,136.91,142.85,94.65,50.47
2024-08-16,703.96,674.0,295.67,89.81,49.65,150.8,136.34,142.2,93.01,51.85
2024-08-19,714.14,693.67,300.01,89.95,49.78,150.58,135.06,145.4,96.69,52.82
2024-08-20,714.35,688.6,303.26,90.1,49.74,151.34,134.47,146.21,95.61,53.45
2024-08-21,713.79,692.67,302.44,89.93,49.17,152.03,133.81,145.37,95.1,53.33
2024-08-22,700.41,675.83,297.88,88.55,48.29,151.99,134.06,142.1,93.22,52.72
2024-08-23,692.39,664.86,291.55,88.3,47.95,150.92,134.06,139.19,90.65,51.41
2024-08-26,684.35,660.67,286.35,87.75,47.22,151.56,133.49,137.85,89.38,51.59
2024-08-27,689.54,664.48,290.01,89.4,47.28,150.6,132.67,138.3,89.65,51.66
2024-08-28,700.9,672.21,294.86,91.06,48.08,149.83,130.48,140.06,90.71,52.76
2024-08-29,690.13,662.74,290.09,90.14,48.05,149.17,130.01,137.66,89.31,51.89
2024-08-30,683.94,647.63,286.4,89.82,47.84,150.99,132.58,138.05,90.36,51.78
2024-09-02,697.62,670.86,294.17,91.43,48.62,150.93,131.98,140.76,91.29,52.76
2024-09-03,679.52,656.21,285.34,89.91,48.2,151.01,134.41,136.15,91.31,51.63
2024-09-04,681.41,664.03,283.83,89.85,48.75,148.62,134.53,136.32,93.4,51.1
2024-09-05,694.25,677.14,288.75,90.39,48.84,149.24,132.98,139.24,94.28,51.59
2024-09-06,690.39,673.85,286.43,90.02,48.87,150.65,133.22,137.57,93.98,51.36
2024-09-09,679.33,657.14,280.21,88.89,47.91,151.44,131.91,134.29,92.07,50.39
2024-09-10,668.49,641.97,274.7,87.68,47.29,150.49,133.56,132.97,89.44,49.57
2024-09-11,669.71,648.04,274.0,88.14,47.46,152.4,135.61,133.34,89.11,49.66
2024-09-12,668.61,653.2,273.47,87.76,47.12,150.48,135.93,131.58,89.35,48.99
2024-09-13,669.86,659.15,270.02,88.85,47.3,150.72,136.68,132.29,89.44,49.3
2024-09-16,674.09,671.21,272.59,90.26,48.19,148.47,139.1,131.69,91.2,49.61
2024-09-17,682.53,678.74,277.43,90.96,49.26,149.45,140.17,130.77,92.5,50.29
2024-09-18,684.54,685.07,277.51,91.13,49.82,146.6,140.11,130.08,91.33,50.48
2024-09-19,694.42,701.51,281.43,92.51,50.87,146.7,139.18,130.77,93.76,51.18
2024-09-20,686.52,684.84,279.63,91.54,50.48,148.38,138.27,130.26,93.33,50.89
2024-09-23,696.52,691.61,285.17,93.13,51.21,148.62,138.32,132.46,95.79,52.05
2024-09-24,689.09,686.57,283.93,92.52,50.21,148.03,138.69,129.89,93.75,50.91
2024-09-25,694.14,693.41,283.03,93.14,50.49,148.84,138.32,129.67,93.31,50.87
2024-09-26,694.57,694.54,282.81,92.93,50.29,152.05,138.36,129.52,97.47,51.03
2024-09-27,684.07,685.07,276.44,92.37,49.71,151.26,140.41,128.23,96.63,50.34
2024-09-30,680.91,683.65,277.16,92.15,50.27,152.46,141.27,128.32,97.02,49.7
2024-10-01,680.5,684.02,276.17,92.28,50.3,153.5,142.39,128.48,95.27,50.22
2024-10-02,679.68,682.67,275.16,91.92,50.76,155.54,143.58,128.49,96.29,50.1
2024-10-03,678.5,682.56,273.78,91.92,50.8,156.37,143.18,129.19,95.25,49.77
2024-10-04,674.72,673.59,274.02,91.09,50.15,157.98,142.96,128.87,93.82,49.84
2024-10-07,681.51,684.89,277.86,91.76,50.34,156.83,144.0,130.37,93.51,50.35
2024-10-08,679.47,677.82,277.36,91.38,49.79,154.82,141.51,129.62,93.06,50.02
2024-10-09,684.79,684.05,280.72,91.81,49.76,154.96,139.88,131.14,92.85,50.84
2024-10-10,682.44,685.46,277.49,91.14,49.6,156.39,142.45,130.57,94.16,50.32
2024-10-11,691.28,692.48,282.19,90.73,49.27,156.99,140.66,132.49,96.41,50.86
2024-10-14,684.01,681.62,277.24,89.98,48.85,156.57,142.68,130.37,96.58,49.82
2024-10-15,684.86,687.44,279.53,89.82,49.03,157.0,142.34,131.21,99.21,50.16
2024-10-16,689.56,695.98,278.79,90.44,48.94,156.16,144.52,131.03,97.88,50.68
2024-10-17,682.47,685.37,277.99,89.85,47.97,156.63,144.32,131.98,96.33,50.74
2024-10-18,696.63,699.31,283.88,91.41,48.51,157.32,143.63,134.01,98.42,51.86
2024-10-21,698.22,698.76,283.55,91.5,48.55,156.86,143.75,132.07,97.39,51.72
2024-10-22,691.76,697.53,280.57,90.93,48.0,156.46,142.62,130.7,95.09,51.05
2024-10-23,672.24,668.96,274.77,89.62,47.59,158.38,144.56,128.04,92.11,50.13
2024-10-24,673.01,679.86,274.17,90.66,47.85,160.04,147.33,126.81,91.13,49.52
2024-10-25,663.96,671.3,269.76,89.79,47.53,157.32,148.55,124.57,89.97,49.03
2024-10-28,674.64,684.12,270.6,90.79,48.18,156.25,148.01,125.34,89.46,49.86
2024-10-29,670.62,677.47,268.05,91.08,48.14,156.47,147.63,125.43,90.71,49.92
2024-10-30,676.14,686.77,267.89,91.06,48.17,155.46,145.93,123.81,89.29,49.96
2024-10-31,675.89,683.22,267.95,90.83,48.51,155.48,146.74,124.08,87.96,49.9
2024-11-01,666.76,671.47,262.74,90.14,47.52,155.25,147.62,123.59,85.58,49.18
2024-11-04,668.43,679.72,260.72,89.71,48.46,155.03,145.54,122.97,83.1,49.13
2024-11-05,674.87,684.04,262.66,90.84,48.32,153.41,144.37,122.94,83.19,49.18
2024-11-06,676.79,685.81,264.39,91.16,48.55,151.59,144.36,122.68,83.13,49.76
2024-11-07,671.57,684.77,264.54,91.06,48.0,148.39,145.01,121.51,81.12,49.88
2024-11-08,665.32,675.24,262.8,89.88,47.42,149.65,145.83,122.14,81.7,49.49
2024-11-11,648.19,649.69,256.87,87.46,46.09,149.77,148.15,119.15,78.74,48.14
2024-11-12,651.04,652.58,259.85,87.35,46.18,150.36,147.75,120.6,79.51,48.74
2024-11-13,652.74,656.12,259.43,87.14,46.59,151.31,146.84,121.11,77.66,48.53
2024-11-14,660.17,664.78,262.78,86.27,46.36,151.62,147.23,122.97,77.99,48.93
2024-11-15,650.54,652.1,256.51,84.4,45.09,153.25,147.69,121.77,76.0,47.37
2024-11-18,657.75,652.51,258.78,85.1,45.59,152.79,144.82,122.3,76.54,47.73
2024-11-19,665.3,656.95,262.56,85.92,46.41,153.06,145.47,123.43,78.16,47.82
2024-11-20,645.96,635.0,255.01,84.37,45.21,154.62,146.11,121.35,76.63,47.06
2024-11-21,643.9,630.07,251.67,84.95,45.47,155.54,150.17,121.35,75.0,46.68
2024-11-22,637.09,620.43,248.15,84.02,44.49,157.43,151.26,120.27,74.66,46.25
2024-11-25,639.35,625.64,249.22,84.55,44.97,157.76,151.13,122.24,74.8,46.62
2024-11-26,642.62,627.29,249.28,84.67,44.91,155.89,149.54,122.76,76.17,47.12
2024-11-27,624.21,607.61,240.64,83.13,43.92,155.26,150.03,119.84,75.06,45.75
2024-11-28,632.2,620.6,244.91,82.97,44.46,154.65,150.62,119.7,74.63,46.85
2024-11-29,625.64,616.86,242.24,82.11,43.98,152.6,150.4,117.18,73.0,46.57
2024-12-02,627.7,613.93,244.55,82.37,43.94,153.77,150.27,116.73,75.17,46.84
2024-12-03,627.38,612.06,246.32,82.12,43.33,152.67,151.49,117.36,74.54,47.38
2024-12-04,632.98,617.78,248.4,82.81,43.4,152.77,151.62,116.45,74.71,47.6
2024-12-05,640.67,620.16,251.14,83.33,44.09,153.23,153.52,118.37,75.45,48.28
2024-12-06,638.37,620.56,247.88,82.64,43.95,154.75,151.46,119.49,75.28,47.37
2024-12-09,617.26,590.1,239.13,80.7,43.01,153.93,150.5,116.25,73.18,46.0
2024-12-10,612.01,587.07,235.87,79.75,42.36,155.03,150.99,114.67,73.03,46.16
2024-12-11,613.72,593.39,238.07,79.6,42.36,153.11,150.27,113.94,72.55,46.02
2024-12-12,611.98,593.18,237.08,78.53,41.72,150.78,150.0,113.63,71.96,45.56
2024-12-13,613.95,593.85,236.13,79.04,42.19,152.35,149.61,115.35,72.2,45.95
2024-12-16,610.65,589.14,231.04,78.54,41.95,151.85,151.73,113.32,70.66,45.09
2024-12-17,607.01,588.41,231.69,77.88,41.41,149.95,153.06,113.49,69.75,44.41
2024-12-18,598.33,578.67,228.91,76.14,40.52,151.67,153.73,113.8,69.37,43.43
2024-12-19,596.59,576.16,226.74,75.52,40.75,150.53,154.87,112.81,68.96,43.35
2024-12-20,592.8,573.58,222.11,75.31,39.77,149.89,155.87,112.38,66.61,42.51
2024-12-23,588.43,569.02,217.38,74.85,39.59,149.53,156.64,111.66,65.4,41.43
2024-12-24,589.57,567.14,217.05,75.18,40.17,149.89,157.36,110.6,65.91,41.44
2024-12-25,598.09,575.35,220.08,76.45,40.75,148.79,159.87,110.59,66.45,42.08
2024-12-26,600.15,577.12,220.61,76.53,40.47,151.53,160.32,111.75,66.46,42.07
2024-12-27,597.31,568.51,219.34,76.13,40.64,150.26,159.12,110.58,67.58,41.7
2024-12-30,601.38,576.55,220.63,75.83,40.2,151.07,157.67,111.41,67.84,42.02
2024-12-31,604.85,577.42,220.62,76.47,40.28,147.74,157.11,110.5,68.15,42.72
